{
  "name": "SACAssetsManager",
  "author": "椽承设计",
  "url": "https://github.com/leolee9086/SACAssetsManager",
  "version": "0.0.12",
  "minAppVersion": "3.1.6",

  "backends": [
    "windows"
  ],
  "frontends": [
    "desktop",
    "desktop-window"
  ],
  "displayName": {
    "default": "SACAssetsManager",
    "zh_CN": "SAC素材管理"
  },
  "description": {
    "default": "an assets manager plugin for siyuan,can view assets in notes,manage assets by note tags and note references,search assets by color,and compatible with Eagle assets library.",
    "zh_CN": "一个素材管理插件,可以查看笔记中的素材、用笔记标签和笔记引用管理素材、通过颜色搜索素材等，额外兼容Eagle素材库"
  },
  "readme": {
    "default": "README.md",
    "zh_CN": "README_zh_CN.md"
  },
  "funding": {
    "openCollective": "b3log",
    "patreon": "",
    "github": "",
    "custom": [
      "https://afdian.net/a/leolee9086"
    ]
  },
  "keywords":[
    "ai",
    "ChatGPT",
    "聊天助手",
    "样式",
    "椽承设计",
    "素材管理",
    "Eagle素材库",
    "assets",
    "file",
    "thumbnail",
    "图片",
    "图片管理",
    "缩略图",
    "thumbnail"
  ]
}